url,title,is_article,depth,cluster,cluster_label,cluster_keywords,pillar_sim
https://galileo.ai/blog/galileo-agent-reliability-platform,Introducing Galileo's Agent Reliability Platform,True,1,2,"agent, multi agent, agents, multi, systems, agent systems, ai, coordination, communication, engine, autogen, distributed, insights engine, patterns, agentic","agent, multi agent, agents, multi, systems, agent systems, ai, coordination, communication, engine, autogen, distributed, insights engine, patterns, agentic",0.5572472089296276
https://galileo.ai/blog/why-multi-agent-systems-fail,Why Multi-Agent Systems Fail,True,1,2,"agent, multi agent, agents, multi, systems, agent systems, ai, coordination, communication, engine, autogen, distributed, insights engine, patterns, agentic","agent, multi agent, agents, multi, systems, agent systems, ai, coordination, communication, engine, autogen, distributed, insights engine, patterns, agentic",0.7168857280308658
https://galileo.ai/blog/bringing-ai-observability-behind-the-firewall-deploying-on-premise-ai,Bringing AI Observability Behind the Firewall: Deploying On-Premise AI,True,1,3,"ai, validation, model, data, observability, metrics, performance, recall, llm observability, llm, precision, model validation, precision recall, f1, functional correctness","ai, validation, model, data, observability, metrics, performance, recall, llm observability, llm, precision, model validation, precision recall, f1, functional correctness",0.4191706687016588
https://galileo.ai/blog/why-language-models-hallucinate,Understanding Why Language Models Hallucinate?,True,1,1,"ai, metrics, rouge, evaluation, metric, translation, bleu, genai, model, translations, clhf, domain, startup, text, ai fluency","ai, metrics, rouge, evaluation, metric, translation, bleu, genai, model, translations, clhf, domain, startup, text, ai fluency",0.3281700750319379
https://galileo.ai/blog/benefits-of-multi-agent-systems,Benefits of Multi-agent Systems,True,1,2,"agent, multi agent, agents, multi, systems, agent systems, ai, coordination, communication, engine, autogen, distributed, insights engine, patterns, agentic","agent, multi agent, agents, multi, systems, agent systems, ai, coordination, communication, engine, autogen, distributed, insights engine, patterns, agentic",0.6423559688753182
https://galileo.ai/blog/why-generic-ai-evaluation-fails-and-how-custom-metrics-unlock-real-world-impact,Custom Metrics Matter; Why One-Size-Fits-All AI Evaluation Doesnât Work,True,1,1,"ai, metrics, rouge, evaluation, metric, translation, bleu, genai, model, translations, clhf, domain, startup, text, ai fluency","ai, metrics, rouge, evaluation, metric, translation, bleu, genai, model, translations, clhf, domain, startup, text, ai fluency",0.5140831443328227
https://galileo.ai/blog/top-12-ai-evaluation-tools-for-enterprise-genai-development-teams-in-2025,Top 12 AI Evaluation Tools for GenAI Systems in 2025 | Galileo,True,1,1,"ai, metrics, rouge, evaluation, metric, translation, bleu, genai, model, translations, clhf, domain, startup, text, ai fluency","ai, metrics, rouge, evaluation, metric, translation, bleu, genai, model, translations, clhf, domain, startup, text, ai fluency",0.4564510643377861
https://galileo.ai/blog/hidden-cost-of-agentic-ai,The Hidden Costs of Agentic AI: Why 40% of Projects Fail Before Production,True,1,0,"ai, agents, agent, nvidia, ai agents, agentic, galileo, nemo, evaluation, data, tool, metrics, nvidia nemo, flywheel, data flywheel","ai, agents, agent, nvidia, ai agents, agentic, galileo, nemo, evaluation, data, tool, metrics, nvidia nemo, flywheel, data flywheel",0.4914680762447502
https://galileo.ai/blog/how-to-build-a-reliable-stripe-ai-agent-with-langchain-openai-and-galileo,"How to Build a Reliable Stripe AI Agent with LangChain, OpenAI, and Galileo",True,1,0,"ai, agents, agent, nvidia, ai agents, agentic, galileo, nemo, evaluation, data, tool, metrics, nvidia nemo, flywheel, data flywheel","ai, agents, agent, nvidia, ai agents, agentic, galileo, nemo, evaluation, data, tool, metrics, nvidia nemo, flywheel, data flywheel",0.4402310733848345
https://galileo.ai/blog/best-llms-for-ai-agents-in-insurance,Best LLMs for AI Agents in Insurance,True,1,6,"ai, tool, governance, ai governance, personas, agent, session, scenario, action completion, institutions, insurance, tool selection, domain, completion, description","ai, tool, governance, ai governance, personas, agent, session, scenario, action completion, institutions, insurance, tool selection, domain, completion, description",0.8039852938973457
https://galileo.ai/blog/best-llms-for-ai-agents-in-banking,Best LLMs for AI Agents in Banking,True,1,6,"ai, tool, governance, ai governance, personas, agent, session, scenario, action completion, institutions, insurance, tool selection, domain, completion, description","ai, tool, governance, ai governance, personas, agent, session, scenario, action completion, institutions, insurance, tool selection, domain, completion, description",0.8322192138235638
https://galileo.ai/blog/agent-leaderboard-v2,Launching Agent Leaderboard v2: The Enterprise-Grade Benchmark for AI Agents,True,1,6,"ai, tool, governance, ai governance, personas, agent, session, scenario, action completion, institutions, insurance, tool selection, domain, completion, description","ai, tool, governance, ai governance, personas, agent, session, scenario, action completion, institutions, insurance, tool selection, domain, completion, description",0.767872026600767
https://galileo.ai/blog/galileo-joins-aws-marketplace,Galileo Joins AWS Marketplace's AI Agents and Tools Category,True,1,0,"ai, agents, agent, nvidia, ai agents, agentic, galileo, nemo, evaluation, data, tool, metrics, nvidia nemo, flywheel, data flywheel","ai, agents, agent, nvidia, ai agents, agentic, galileo, nemo, evaluation, data, tool, metrics, nvidia nemo, flywheel, data flywheel",0.4431247592131585
https://galileo.ai/blog/closing-the-confidence-gap-how-custom-metrics-turn-genai-reliability-into-a-competitive-edge,Beyond AI Benchmarks: Custom Metrics for Reliable GenAI,True,1,1,"ai, metrics, rouge, evaluation, metric, translation, bleu, genai, model, translations, clhf, domain, startup, text, ai fluency","ai, metrics, rouge, evaluation, metric, translation, bleu, genai, model, translations, clhf, domain, startup, text, ai fluency",0.6090331627046064
https://galileo.ai/blog/multi-agent-ai-systems,Transform Enterprise AI with Multi-Agent Systems | Galileo,True,1,2,"agent, multi agent, agents, multi, systems, agent systems, ai, coordination, communication, engine, autogen, distributed, insights engine, patterns, agentic","agent, multi agent, agents, multi, systems, agent systems, ai, coordination, communication, engine, autogen, distributed, insights engine, patterns, agentic",0.6785129830411045
https://galileo.ai/blog/ai-translation-challenges,Navigating Key AI Translation Challenges | Galileo,True,1,1,"ai, metrics, rouge, evaluation, metric, translation, bleu, genai, model, translations, clhf, domain, startup, text, ai fluency","ai, metrics, rouge, evaluation, metric, translation, bleu, genai, model, translations, clhf, domain, startup, text, ai fluency",0.43455231621204515
https://galileo.ai/blog/introducing-galileo-s-insights-engine-intelligence-that-adapts-to-your-agent,Introducing Galileo's Insights Engine: Intelligence That Adapts to Your Agent,True,1,2,"agent, multi agent, agents, multi, systems, agent systems, ai, coordination, communication, engine, autogen, distributed, insights engine, patterns, agentic","agent, multi agent, agents, multi, systems, agent systems, ai, coordination, communication, engine, autogen, distributed, insights engine, patterns, agentic",0.43980636376275395
https://galileo.ai/blog/galileo-joins-mongodb-s-ai-applications-program-as-their-first-agentic-evaluation-platform,Galileo Joins MongoDB's AI Applications Program as Their First Agentic Evaluation Platform,True,1,0,"ai, agents, agent, nvidia, ai agents, agentic, galileo, nemo, evaluation, data, tool, metrics, nvidia nemo, flywheel, data flywheel","ai, agents, agent, nvidia, ai agents, agentic, galileo, nemo, evaluation, data, tool, metrics, nvidia nemo, flywheel, data flywheel",0.4434133856556362
https://galileo.ai/blog/ai-agent-reliability-strategies,A Guide to AI Agent Reliability for Mission Critical Systems | Galileo,True,1,2,"agent, multi agent, agents, multi, systems, agent systems, ai, coordination, communication, engine, autogen, distributed, insights engine, patterns, agentic","agent, multi agent, agents, multi, systems, agent systems, ai, coordination, communication, engine, autogen, distributed, insights engine, patterns, agentic",0.652504281442241
https://galileo.ai/blog/silly-startups-serious-signals-how-to-use-custom-metrics-to-measure-domain-specific-ai-success,"Silly Startups, Serious Signals: How to Custom Metrics to Measure Domain-Specific AI Success",True,1,1,"ai, metrics, rouge, evaluation, metric, translation, bleu, genai, model, translations, clhf, domain, startup, text, ai fluency","ai, metrics, rouge, evaluation, metric, translation, bleu, genai, model, translations, clhf, domain, startup, text, ai fluency",0.43467051976261206
https://galileo.ai/blog/mixture-of-experts-architecture,How Mixture of Experts 2.0 Eliminates AI Infrastructure Bottlenecks | Galileo,True,1,5,"luna, expert, agent, routing, evaluation, metrics, cost, fortune, time guardrailing, experts, low, 10 20, low latency, 50, guardrailing","luna, expert, agent, routing, evaluation, metrics, cost, fortune, time guardrailing, experts, low, 10 20, low latency, 50, guardrailing",0.5163595756058932
https://galileo.ai/blog/introducing-luna-2-purpose-built-models-for-reliable-ai-evaluations-guardrailing,Luna 2: Purpose-Built Evaluation Models for Reliable AI Agents & Systems,True,1,5,"luna, expert, agent, routing, evaluation, metrics, cost, fortune, time guardrailing, experts, low, 10 20, low latency, 50, guardrailing","luna, expert, agent, routing, evaluation, metrics, cost, fortune, time guardrailing, experts, low, 10 20, low latency, 50, guardrailing",0.9036906567407416
https://galileo.ai/blog/how-do-you-choose-the-right-metrics-for-your-ai-evaluations,How to choose the right metrics for your AI evaluations?,True,1,1,"ai, metrics, rouge, evaluation, metric, translation, bleu, genai, model, translations, clhf, domain, startup, text, ai fluency","ai, metrics, rouge, evaluation, metric, translation, bleu, genai, model, translations, clhf, domain, startup, text, ai fluency",0.528137925386528
https://galileo.ai/blog/galileo-optimizes-enterprise-scale-agentic-ai-stack-with-nvidia,Galileo Optimizes EnterpriseâScale Agentic AI Stack with NVIDIA,True,1,0,"ai, agents, agent, nvidia, ai agents, agentic, galileo, nemo, evaluation, data, tool, metrics, nvidia nemo, flywheel, data flywheel","ai, agents, agent, nvidia, ai agents, agentic, galileo, nemo, evaluation, data, tool, metrics, nvidia nemo, flywheel, data flywheel",0.5171209562217625
https://galileo.ai/blog/llm-as-a-judge-the-missing-piece-in-financial-services-ai-governance,LLM-as-a-Judge: Essential AI Governance for Financial Services,True,1,6,"ai, tool, governance, ai governance, personas, agent, session, scenario, action completion, institutions, insurance, tool selection, domain, completion, description","ai, tool, governance, ai governance, personas, agent, session, scenario, action completion, institutions, insurance, tool selection, domain, completion, description",0.5099237390511611
https://galileo.ai/blog/ai-agent-evaluation-blueprint-part-1,The AI Agent Evaluation Blueprint: Part 1,True,1,0,"ai, agents, agent, nvidia, ai agents, agentic, galileo, nemo, evaluation, data, tool, metrics, nvidia nemo, flywheel, data flywheel","ai, agents, agent, nvidia, ai agents, agentic, galileo, nemo, evaluation, data, tool, metrics, nvidia nemo, flywheel, data flywheel",0.561811696435049
https://galileo.ai/blog/ai-model-validation,A Step-by-Step Guide to AI Model Validation | Galileo.ai,True,1,3,"ai, validation, model, data, observability, metrics, performance, recall, llm observability, llm, precision, model validation, precision recall, f1, functional correctness","ai, validation, model, data, observability, metrics, performance, recall, llm observability, llm, precision, model validation, precision recall, f1, functional correctness",0.6650495800385889
https://galileo.ai/blog/blanc-metric-ai,BLANC Metric: Revolutionizing AI Model Evaluations,True,1,1,"ai, metrics, rouge, evaluation, metric, translation, bleu, genai, model, translations, clhf, domain, startup, text, ai fluency","ai, metrics, rouge, evaluation, metric, translation, bleu, genai, model, translations, clhf, domain, startup, text, ai fluency",0.47271507528906564
https://galileo.ai/blog/autogen-multi-agent,AutoGen Implementation Patterns: Building Production-Ready Multi-Agent AI Systems,True,1,2,"agent, multi agent, agents, multi, systems, agent systems, ai, coordination, communication, engine, autogen, distributed, insights engine, patterns, agentic","agent, multi agent, agents, multi, systems, agent systems, ai, coordination, communication, engine, autogen, distributed, insights engine, patterns, agentic",0.7211807636410227
https://galileo.ai/blog/understanding-accuracy-in-ai,How AI Accuracy Is Measured: A Practical Guide,True,1,1,"ai, metrics, rouge, evaluation, metric, translation, bleu, genai, model, translations, clhf, domain, startup, text, ai fluency","ai, metrics, rouge, evaluation, metric, translation, bleu, genai, model, translations, clhf, domain, startup, text, ai fluency",0.542890927153207
https://galileo.ai/blog/ai-information-symmetry-enterprises,How AI Enables Information Symmetry in Enterprises | Galileo,True,1,0,"ai, agents, agent, nvidia, ai agents, agentic, galileo, nemo, evaluation, data, tool, metrics, nvidia nemo, flywheel, data flywheel","ai, agents, agent, nvidia, ai agents, agentic, galileo, nemo, evaluation, data, tool, metrics, nvidia nemo, flywheel, data flywheel",0.32394535385196316
https://galileo.ai/blog/agentic-ai-reality-check,Agentic AI Reality Check and Separating Hype from Business Value | Galileo,True,1,0,"ai, agents, agent, nvidia, ai agents, agentic, galileo, nemo, evaluation, data, tool, metrics, nvidia nemo, flywheel, data flywheel","ai, agents, agent, nvidia, ai agents, agentic, galileo, nemo, evaluation, data, tool, metrics, nvidia nemo, flywheel, data flywheel",0.42945458339676573
https://galileo.ai/blog/nvidia-data-flywheel-for-de-risking-agentic-ai,Data Flywheel for De-Risking Agentic AI | NVIDIA & Galileo Partnership,True,1,0,"ai, agents, agent, nvidia, ai agents, agentic, galileo, nemo, evaluation, data, tool, metrics, nvidia nemo, flywheel, data flywheel","ai, agents, agent, nvidia, ai agents, agentic, galileo, nemo, evaluation, data, tool, metrics, nvidia nemo, flywheel, data flywheel",0.5341736144749271
https://galileo.ai/blog/build-your-own-acp-compatible-weather-dj-agent,Build your own ACP-Compatible Weather DJ Agent.,True,1,0,"ai, agents, agent, nvidia, ai agents, agentic, galileo, nemo, evaluation, data, tool, metrics, nvidia nemo, flywheel, data flywheel","ai, agents, agent, nvidia, ai agents, agentic, galileo, nemo, evaluation, data, tool, metrics, nvidia nemo, flywheel, data flywheel",0.31550044235243224
https://galileo.ai/blog/challenges-monitoring-multi-agent-systems,9 Key Challenges in Monitoring Multi-Agent Systems at Scale,True,1,2,"agent, multi agent, agents, multi, systems, agent systems, ai, coordination, communication, engine, autogen, distributed, insights engine, patterns, agentic","agent, multi agent, agents, multi, systems, agent systems, ai, coordination, communication, engine, autogen, distributed, insights engine, patterns, agentic",0.7514760292834
https://galileo.ai/blog/test-driven-development-ai-systems,Adapting TDD for Reliable AI Systems | Galileo,True,1,3,"ai, validation, model, data, observability, metrics, performance, recall, llm observability, llm, precision, model validation, precision recall, f1, functional correctness","ai, validation, model, data, observability, metrics, performance, recall, llm observability, llm, precision, model validation, precision recall, f1, functional correctness",0.47366493304699625
https://galileo.ai/blog/stability-strategies-dynamic-multi-agents,9 Strategies to Ensure Stability in Dynamic Multi-Agent Systems | Galileo,True,1,2,"agent, multi agent, agents, multi, systems, agent systems, ai, coordination, communication, engine, autogen, distributed, insights engine, patterns, agentic","agent, multi agent, agents, multi, systems, agent systems, ai, coordination, communication, engine, autogen, distributed, insights engine, patterns, agentic",0.6409247990296942
https://galileo.ai/blog/multi-agent-systems-exploits,Detect and Prevent Malicious Agents in Multi-Agent Systems | Galileo,True,1,2,"agent, multi agent, agents, multi, systems, agent systems, ai, coordination, communication, engine, autogen, distributed, insights engine, patterns, agentic","agent, multi agent, agents, multi, systems, agent systems, ai, coordination, communication, engine, autogen, distributed, insights engine, patterns, agentic",0.7139219144791394
https://galileo.ai/blog/specification-first-ai-development,Guide to Specification-First AI Development | Galileo,True,1,3,"ai, validation, model, data, observability, metrics, performance, recall, llm observability, llm, precision, model validation, precision recall, f1, functional correctness","ai, validation, model, data, observability, metrics, performance, recall, llm observability, llm, precision, model validation, precision recall, f1, functional correctness",0.4636287944606059
https://galileo.ai/blog/ai-governance-framework,7 Strategies for Effective AI Governance | Galileo,True,1,6,"ai, tool, governance, ai governance, personas, agent, session, scenario, action completion, institutions, insurance, tool selection, domain, completion, description","ai, tool, governance, ai governance, personas, agent, session, scenario, action completion, institutions, insurance, tool selection, domain, completion, description",0.4974503115905521
https://galileo.ai/blog/multi-agent-collaboration-competition,Comparing Multi-Agent Collaboration and Competition | Galileo,True,1,2,"agent, multi agent, agents, multi, systems, agent systems, ai, coordination, communication, engine, autogen, distributed, insights engine, patterns, agentic","agent, multi agent, agents, multi, systems, agent systems, ai, coordination, communication, engine, autogen, distributed, insights engine, patterns, agentic",0.5184820657506113
https://galileo.ai/blog/ai-observability,AI Observability: Ensuring Reliable and Transparent Systems,True,1,3,"ai, validation, model, data, observability, metrics, performance, recall, llm observability, llm, precision, model validation, precision recall, f1, functional correctness","ai, validation, model, data, observability, metrics, performance, recall, llm observability, llm, precision, model validation, precision recall, f1, functional correctness",0.6696110663993782
https://galileo.ai/blog/evaluating-ai-agents-best-practices,Best Practices to Navigate the Complexities of Evaluating AI Agents | Galileo,True,1,0,"ai, agents, agent, nvidia, ai agents, agentic, galileo, nemo, evaluation, data, tool, metrics, nvidia nemo, flywheel, data flywheel","ai, agents, agent, nvidia, ai agents, agentic, galileo, nemo, evaluation, data, tool, metrics, nvidia nemo, flywheel, data flywheel",0.6709078365305713
https://galileo.ai/blog/threat-modeling-multi-agent-ai,Threat Modeling for Multi-Agent AI: How to Identify and Prevent Systemic Risks,True,1,2,"agent, multi agent, agents, multi, systems, agent systems, ai, coordination, communication, engine, autogen, distributed, insights engine, patterns, agentic","agent, multi agent, agents, multi, systems, agent systems, ai, coordination, communication, engine, autogen, distributed, insights engine, patterns, agentic",0.6272346965341976
https://galileo.ai/blog/ai-agent-metrics,AI Agent Metrics- A Deep Dive | Galileo,True,1,0,"ai, agents, agent, nvidia, ai agents, agentic, galileo, nemo, evaluation, data, tool, metrics, nvidia nemo, flywheel, data flywheel","ai, agents, agent, nvidia, ai agents, agentic, galileo, nemo, evaluation, data, tool, metrics, nvidia nemo, flywheel, data flywheel",0.6122629970926219
https://galileo.ai/blog/measure-communication-in-multi-agent-ai,Measure Communication Efficiency in Multi-Agent AI | Galileo,True,1,2,"agent, multi agent, agents, multi, systems, agent systems, ai, coordination, communication, engine, autogen, distributed, insights engine, patterns, agentic","agent, multi agent, agents, multi, systems, agent systems, ai, coordination, communication, engine, autogen, distributed, insights engine, patterns, agentic",0.5299389688801351
https://galileo.ai/blog/multi-agent-llm-systems-fail,Why do Multi-Agent LLM Systems Fail | Galileo,True,2,2,"agent, multi agent, agents, multi, systems, agent systems, ai, coordination, communication, engine, autogen, distributed, insights engine, patterns, agentic","agent, multi agent, agents, multi, systems, agent systems, ai, coordination, communication, engine, autogen, distributed, insights engine, patterns, agentic",0.5646744177668868
https://galileo.ai/blog/ai-deployment-quality-guardrails,Building Quality Guardrails and Validation Thresholds for AI Confidence | Galileo,True,2,3,"ai, validation, model, data, observability, metrics, performance, recall, llm observability, llm, precision, model validation, precision recall, f1, functional correctness","ai, validation, model, data, observability, metrics, performance, recall, llm observability, llm, precision, model validation, precision recall, f1, functional correctness",0.6257485982665124
https://www.galileo.ai/blog/f1-score-ai-evaluation-precision-recall,F1 Score: Balancing Precision and Recall in AI Evaluation,True,2,3,"ai, validation, model, data, observability, metrics, performance, recall, llm observability, llm, precision, model validation, precision recall, f1, functional correctness","ai, validation, model, data, observability, metrics, performance, recall, llm observability, llm, precision, model validation, precision recall, f1, functional correctness",0.37861958982842203
https://galileo.ai/blog/mastering-rag-how-to-architect-an-enterprise-rag-system,Mastering RAG: How To Architect An Enterprise RAG System,True,2,4,"rag, documents, information, retrieval, multimodal, text, model, llms, original, modalities, query, retrieved, performance, statement, intrinsic","rag, documents, information, retrieval, multimodal, text, model, llms, original, modalities, query, retrieved, performance, statement, intrinsic",0.7129244715901338
https://galileo.ai/blog/why-most-ai-agents-fail-and-how-to-fix-them,Mastering Agents: Why Most AI Agents Fail & How to Fix Them,True,2,0,"ai, agents, agent, nvidia, ai agents, agentic, galileo, nemo, evaluation, data, tool, metrics, nvidia nemo, flywheel, data flywheel","ai, agents, agent, nvidia, ai agents, agentic, galileo, nemo, evaluation, data, tool, metrics, nvidia nemo, flywheel, data flywheel",0.6320751979798364
https://www.galileo.ai/blog/ai-agent-architecture,The Ultimate Guide to AI Agent Architecture: Build Reliable & Scalable AI Systems,True,2,0,"ai, agents, agent, nvidia, ai agents, agentic, galileo, nemo, evaluation, data, tool, metrics, nvidia nemo, flywheel, data flywheel","ai, agents, agent, nvidia, ai agents, agentic, galileo, nemo, evaluation, data, tool, metrics, nvidia nemo, flywheel, data flywheel",0.625531085994382
https://www.galileo.ai/blog/agentic-ai-frameworks,Agentic AI Frameworks: Transforming Workflows Securely | Galileo,True,2,2,"agent, multi agent, agents, multi, systems, agent systems, ai, coordination, communication, engine, autogen, distributed, insights engine, patterns, agentic","agent, multi agent, agents, multi, systems, agent systems, ai, coordination, communication, engine, autogen, distributed, insights engine, patterns, agentic",0.7256201992575267
https://www.galileo.ai/blog/mastering-agents-langgraph-vs-autogen-vs-crew,Mastering Agents: LangGraph Vs Autogen Vs Crew AI,True,2,0,"ai, agents, agent, nvidia, ai agents, agentic, galileo, nemo, evaluation, data, tool, metrics, nvidia nemo, flywheel, data flywheel","ai, agents, agent, nvidia, ai agents, agentic, galileo, nemo, evaluation, data, tool, metrics, nvidia nemo, flywheel, data flywheel",0.46200717201851854
https://www.galileo.ai/blog/deep-dive-into-llm-hallucinations-across-generative-tasks,Two Types of LLM Hallucinations,True,2,4,"rag, documents, information, retrieval, multimodal, text, model, llms, original, modalities, query, retrieved, performance, statement, intrinsic","rag, documents, information, retrieval, multimodal, text, model, llms, original, modalities, query, retrieved, performance, statement, intrinsic",0.540913810097336
https://www.galileo.ai/blog/how-to-evaluate-llms-for-rag,Mastering RAG: How To Evaluate LLMs For RAG,True,2,4,"rag, documents, information, retrieval, multimodal, text, model, llms, original, modalities, query, retrieved, performance, statement, intrinsic","rag, documents, information, retrieval, multimodal, text, model, llms, original, modalities, query, retrieved, performance, statement, intrinsic",0.6683677618273808
https://www.galileo.ai/blog/mastering-agents-evaluating-ai-agents,Mastering Agents: Evaluating AI Agents,True,2,0,"ai, agents, agent, nvidia, ai agents, agentic, galileo, nemo, evaluation, data, tool, metrics, nvidia nemo, flywheel, data flywheel","ai, agents, agent, nvidia, ai agents, agentic, galileo, nemo, evaluation, data, tool, metrics, nvidia nemo, flywheel, data flywheel",0.503012443080272
https://www.galileo.ai/blog/autogen-multi-agent,AutoGen Implementation Patterns: Building Production-Ready Multi-Agent AI Systems,True,2,2,"agent, multi agent, agents, multi, systems, agent systems, ai, coordination, communication, engine, autogen, distributed, insights engine, patterns, agentic","agent, multi agent, agents, multi, systems, agent systems, ai, coordination, communication, engine, autogen, distributed, insights engine, patterns, agentic",0.7211807636410227
https://www.galileo.ai/blog/mastering-rag-llm-prompting-techniques-for-reducing-hallucinations,RAG LLM Prompting Techniques to Reduce Hallucinations,True,2,4,"rag, documents, information, retrieval, multimodal, text, model, llms, original, modalities, query, retrieved, performance, statement, intrinsic","rag, documents, information, retrieval, multimodal, text, model, llms, original, modalities, query, retrieved, performance, statement, intrinsic",0.648324105447624
https://www.galileo.ai/blog/multimodal-llm-guide-evaluation,Multimodal LLM Evaluation: Overcoming Challenges | Galileo,True,2,4,"rag, documents, information, retrieval, multimodal, text, model, llms, original, modalities, query, retrieved, performance, statement, intrinsic","rag, documents, information, retrieval, multimodal, text, model, llms, original, modalities, query, retrieved, performance, statement, intrinsic",0.5019813729441432
https://www.galileo.ai/blog/nvidia-data-flywheel-for-de-risking-agentic-ai,Data Flywheel for De-Risking Agentic AI | NVIDIA & Galileo Partnership,True,2,0,"ai, agents, agent, nvidia, ai agents, agentic, galileo, nemo, evaluation, data, tool, metrics, nvidia nemo, flywheel, data flywheel","ai, agents, agent, nvidia, ai agents, agentic, galileo, nemo, evaluation, data, tool, metrics, nvidia nemo, flywheel, data flywheel",0.5341736144749271
https://www.galileo.ai/blog/introducing-continuous-learning-with-human-feedback,Introducing Continuous Learning with Human Feedback: Adaptive Metrics that Improve with Expert Review,True,2,1,"ai, metrics, rouge, evaluation, metric, translation, bleu, genai, model, translations, clhf, domain, startup, text, ai fluency","ai, metrics, rouge, evaluation, metric, translation, bleu, genai, model, translations, clhf, domain, startup, text, ai fluency",0.4559554814505744
https://www.galileo.ai/blog/bleu-metric-ai-evaluation,BLEU Metric: Enhancing AI Accuracy & Evaluation | Galileo,True,2,1,"ai, metrics, rouge, evaluation, metric, translation, bleu, genai, model, translations, clhf, domain, startup, text, ai fluency","ai, metrics, rouge, evaluation, metric, translation, bleu, genai, model, translations, clhf, domain, startup, text, ai fluency",0.4243835461595046
https://www.galileo.ai/blog/rouge-ai,ROUGE in AI: Key to Text Summarization,True,2,1,"ai, metrics, rouge, evaluation, metric, translation, bleu, genai, model, translations, clhf, domain, startup, text, ai fluency","ai, metrics, rouge, evaluation, metric, translation, bleu, genai, model, translations, clhf, domain, startup, text, ai fluency",0.4772138783800008
https://www.galileo.ai/blog/agntcy-open-collective-multi-agent-standardization,AGNTCY: Building the Future of Multi-Agentic Systems | Industry Collaboration,True,2,2,"agent, multi agent, agents, multi, systems, agent systems, ai, coordination, communication, engine, autogen, distributed, insights engine, patterns, agentic","agent, multi agent, agents, multi, systems, agent systems, ai, coordination, communication, engine, autogen, distributed, insights engine, patterns, agentic",0.4366478884154931
https://www.galileo.ai/blog/precision-recall-ai-evaluation,Transforming AI: The Power of Precision-Recall Curves | Galileo,True,2,3,"ai, validation, model, data, observability, metrics, performance, recall, llm observability, llm, precision, model validation, precision recall, f1, functional correctness","ai, validation, model, data, observability, metrics, performance, recall, llm observability, llm, precision, model validation, precision recall, f1, functional correctness",0.4925851642949113
https://www.galileo.ai/blog/a-field-guide-to-ai-agents,"Agents, Assemble: A Field Guide to AI Agents",True,2,0,"ai, agents, agent, nvidia, ai agents, agentic, galileo, nemo, evaluation, data, tool, metrics, nvidia nemo, flywheel, data flywheel","ai, agents, agent, nvidia, ai agents, agentic, galileo, nemo, evaluation, data, tool, metrics, nvidia nemo, flywheel, data flywheel",0.5370888581809191
https://www.galileo.ai/blog/ai-agentic-workflows,Understanding AI Agentic Workflows: Key Insights & Applications,True,2,2,"agent, multi agent, agents, multi, systems, agent systems, ai, coordination, communication, engine, autogen, distributed, insights engine, patterns, agentic","agent, multi agent, agents, multi, systems, agent systems, ai, coordination, communication, engine, autogen, distributed, insights engine, patterns, agentic",0.4691428754614241
https://www.galileo.ai/blog/deploying-generative-ai-at-enterprise-scale-navigating-challenges-and-unlocking-potential,Deploying Generative AI at Enterprise Scale,True,2,1,"ai, metrics, rouge, evaluation, metric, translation, bleu, genai, model, translations, clhf, domain, startup, text, ai fluency","ai, metrics, rouge, evaluation, metric, translation, bleu, genai, model, translations, clhf, domain, startup, text, ai fluency",0.47685141843581763
https://www.galileo.ai/blog/how-ai-agents-are-revolutionizing-human-interaction,How AI Agents are Revolutionizing Human Interaction,True,2,0,"ai, agents, agent, nvidia, ai agents, agentic, galileo, nemo, evaluation, data, tool, metrics, nvidia nemo, flywheel, data flywheel","ai, agents, agent, nvidia, ai agents, agentic, galileo, nemo, evaluation, data, tool, metrics, nvidia nemo, flywheel, data flywheel",0.5426163083820223
https://www.galileo.ai/blog/introducing-agentic-evaluations,Introducing Agentic Evaluations,True,2,0,"ai, agents, agent, nvidia, ai agents, agentic, galileo, nemo, evaluation, data, tool, metrics, nvidia nemo, flywheel, data flywheel","ai, agents, agent, nvidia, ai agents, agentic, galileo, nemo, evaluation, data, tool, metrics, nvidia nemo, flywheel, data flywheel",0.446472067467003
https://www.galileo.ai/blog/functional-correctness-modern-ai,Functional Correctness in AI: Essentials for Reliability,True,2,3,"ai, validation, model, data, observability, metrics, performance, recall, llm observability, llm, precision, model validation, precision recall, f1, functional correctness","ai, validation, model, data, observability, metrics, performance, recall, llm observability, llm, precision, model validation, precision recall, f1, functional correctness",0.4851967840798303
https://www.galileo.ai/blog/best-practices-for-ai-model-validation-in-machine-learning,AI Model Validation: Best Practices for Accuracy & Reliability,True,2,3,"ai, validation, model, data, observability, metrics, performance, recall, llm observability, llm, precision, model validation, precision recall, f1, functional correctness","ai, validation, model, data, observability, metrics, performance, recall, llm observability, llm, precision, model validation, precision recall, f1, functional correctness",0.6268483732941538
https://www.galileo.ai/blog/agentic-rag-integration-ai-architecture,Agentic RAG Systems: Revolutionizing AI Workflows,True,2,4,"rag, documents, information, retrieval, multimodal, text, model, llms, original, modalities, query, retrieved, performance, statement, intrinsic","rag, documents, information, retrieval, multimodal, text, model, llms, original, modalities, query, retrieved, performance, statement, intrinsic",0.653796288894235
https://www.galileo.ai/blog/ai-fluency,Explainability in AI: Unlocking Transparency,True,2,1,"ai, metrics, rouge, evaluation, metric, translation, bleu, genai, model, translations, clhf, domain, startup, text, ai fluency","ai, metrics, rouge, evaluation, metric, translation, bleu, genai, model, translations, clhf, domain, startup, text, ai fluency",0.49149285474313126
https://www.galileo.ai/blog/ready-for-regulation-preparing-for-the-eu-ai-act,Ready for Regulation: Preparing for the EU AI Act,True,2,3,"ai, validation, model, data, observability, metrics, performance, recall, llm observability, llm, precision, model validation, precision recall, f1, functional correctness","ai, validation, model, data, observability, metrics, performance, recall, llm observability, llm, precision, model validation, precision recall, f1, functional correctness",0.45327152310188573
https://www.galileo.ai/blog/evaluating-generative-ai-overcoming-challenges-in-a-complex-landscape,Evaluating Generative AI,True,2,1,"ai, metrics, rouge, evaluation, metric, translation, bleu, genai, model, translations, clhf, domain, startup, text, ai fluency","ai, metrics, rouge, evaluation, metric, translation, bleu, genai, model, translations, clhf, domain, startup, text, ai fluency",0.5936217259995767
https://www.galileo.ai/blog/understanding-llm-observability-best-practices-and-tools,Master LLM Observability for Peak AI Performance & Security,True,2,3,"ai, validation, model, data, observability, metrics, performance, recall, llm observability, llm, precision, model validation, precision recall, f1, functional correctness","ai, validation, model, data, observability, metrics, performance, recall, llm observability, llm, precision, model validation, precision recall, f1, functional correctness",0.5012306806853293
https://www.galileo.ai/blog/best-llm-observability-tools-compared-for-2024,Top Observability Tools for LLM Performance & Reliability,True,2,3,"ai, validation, model, data, observability, metrics, performance, recall, llm observability, llm, precision, model validation, precision recall, f1, functional correctness","ai, validation, model, data, observability, metrics, performance, recall, llm observability, llm, precision, model validation, precision recall, f1, functional correctness",0.48954902475705137
https://galileo.ai/blog/agentic-ai-frameworks,Agentic AI Frameworks: Transforming Workflows Securely | Galileo,True,2,2,"agent, multi agent, agents, multi, systems, agent systems, ai, coordination, communication, engine, autogen, distributed, insights engine, patterns, agentic","agent, multi agent, agents, multi, systems, agent systems, ai, coordination, communication, engine, autogen, distributed, insights engine, patterns, agentic",0.7256201992575267
https://galileo.ai/blog/multi-agent-decision-making-threats,Monitor & Mitigate Threats in Multi-Agent Systems | Galileo,True,2,2,"agent, multi agent, agents, multi, systems, agent systems, ai, coordination, communication, engine, autogen, distributed, insights engine, patterns, agentic","agent, multi agent, agents, multi, systems, agent systems, ai, coordination, communication, engine, autogen, distributed, insights engine, patterns, agentic",0.7022765723436305
https://www.galileo.ai/blog/evaluating-ai-agent-performance-benchmarks-real-world-tasks,8 Steps to Benchmarking AI Agents for Better Performance | Galileo.ai,True,2,0,"ai, agents, agent, nvidia, ai agents, agentic, galileo, nemo, evaluation, data, tool, metrics, nvidia nemo, flywheel, data flywheel","ai, agents, agent, nvidia, ai agents, agentic, galileo, nemo, evaluation, data, tool, metrics, nvidia nemo, flywheel, data flywheel",0.6053536348511749
https://www.galileo.ai/blog/success-multi-agent-ai,Multi-Agent AI: Performance Metrics & Evaluation Frameworks | Galileo,True,2,2,"agent, multi agent, agents, multi, systems, agent systems, ai, coordination, communication, engine, autogen, distributed, insights engine, patterns, agentic","agent, multi agent, agents, multi, systems, agent systems, ai, coordination, communication, engine, autogen, distributed, insights engine, patterns, agentic",0.6963578550503672
https://www.galileo.ai/blog/multi-agent-decision-making-threats,Monitor & Mitigate Threats in Multi-Agent Systems | Galileo,True,2,2,"agent, multi agent, agents, multi, systems, agent systems, ai, coordination, communication, engine, autogen, distributed, insights engine, patterns, agentic","agent, multi agent, agents, multi, systems, agent systems, ai, coordination, communication, engine, autogen, distributed, insights engine, patterns, agentic",0.7022765723436305
http://galileo.ai/blog/introducing-luna-2-purpose-built-models-for-reliable-ai-evaluations-guardrailing,Luna 2: Purpose-Built Evaluation Models for Reliable AI Agents & Systems,True,3,5,"luna, expert, agent, routing, evaluation, metrics, cost, fortune, time guardrailing, experts, low, 10 20, low latency, 50, guardrailing","luna, expert, agent, routing, evaluation, metrics, cost, fortune, time guardrailing, experts, low, 10 20, low latency, 50, guardrailing",0.9036906567407416
https://galileo.ai/blog/multi-agent-coordination-strategies,Centralized vs Distributed AI: Control Paradigms | Galileo,True,3,2,"agent, multi agent, agents, multi, systems, agent systems, ai, coordination, communication, engine, autogen, distributed, insights engine, patterns, agentic","agent, multi agent, agents, multi, systems, agent systems, ai, coordination, communication, engine, autogen, distributed, insights engine, patterns, agentic",0.4595804529960558
https://www.galileo.ai/blog/introduction-to-agent-development-challenges-and-innovations,Agent Development Challenges and Innovations,True,4,0,"ai, agents, agent, nvidia, ai agents, agentic, galileo, nemo, evaluation, data, tool, metrics, nvidia nemo, flywheel, data flywheel","ai, agents, agent, nvidia, ai agents, agentic, galileo, nemo, evaluation, data, tool, metrics, nvidia nemo, flywheel, data flywheel",0.6216243169924438
https://www.galileo.ai/blog/galileo-agent-reliability-platform,Introducing Galileo's Agent Reliability Platform,True,4,2,"agent, multi agent, agents, multi, systems, agent systems, ai, coordination, communication, engine, autogen, distributed, insights engine, patterns, agentic","agent, multi agent, agents, multi, systems, agent systems, ai, coordination, communication, engine, autogen, distributed, insights engine, patterns, agentic",0.5572472089296276
https://www.galileo.ai/blog/why-multi-agent-systems-fail,Why Multi-Agent Systems Fail,True,4,2,"agent, multi agent, agents, multi, systems, agent systems, ai, coordination, communication, engine, autogen, distributed, insights engine, patterns, agentic","agent, multi agent, agents, multi, systems, agent systems, ai, coordination, communication, engine, autogen, distributed, insights engine, patterns, agentic",0.7168857280308658
