source,target,weight,anchors
https://arize.com/blog/orchestrator-worker-agents-a-practical-comparison-of-common-agent-frameworks/,https://arize.com/blog/orchestrator-worker-agents-a-practical-comparison-of-common-agent-frameworks/,3,
https://arize.com/blog/orchestrator-worker-agents-a-practical-comparison-of-common-agent-frameworks/,https://arize.com/blog/prompt-optimization-few-shot-prompting/,1,Prompt Optimization Techniques
https://arize.com/blog/building-a-multilingual-cypher-query-evaluation-pipeline/,https://arize.com/blog/building-a-multilingual-cypher-query-evaluation-pipeline/,3,
https://arize.com/blog/building-a-multilingual-cypher-query-evaluation-pipeline/,https://arize.com/blog/prompt-optimization-few-shot-prompting/,1,Prompt Optimization Techniques
https://arize.com/blog/verizons-stan-miasnikov-on-his-paper-category-theoretic-analysis-of-inter-agent-communication-and-mutual-understanding-metric-in-recursive-consciousness/,https://arize.com/blog/verizons-stan-miasnikov-on-his-paper-category-theoretic-analysis-of-inter-agent-communication-and-mutual-understanding-metric-in-recursive-consciousness/,3,
https://arize.com/blog/verizons-stan-miasnikov-on-his-paper-category-theoretic-analysis-of-inter-agent-communication-and-mutual-understanding-metric-in-recursive-consciousness/,https://arize.com/blog/prompt-optimization-few-shot-prompting/,1,Prompt Optimization Techniques
https://arize.com/blog/new-in-arize-ax-experiment-comparisons-better-data-visualization-and-a-dedicated-agent-graph-tab/,https://arize.com/blog/new-in-arize-ax-experiment-comparisons-better-data-visualization-and-a-dedicated-agent-graph-tab/,3,
https://arize.com/blog/new-in-arize-ax-experiment-comparisons-better-data-visualization-and-a-dedicated-agent-graph-tab/,https://arize.com/blog/prompt-optimization-few-shot-prompting/,1,Prompt Optimization Techniques
https://arize.com/blog/nvidias-small-language-models-are-the-future-of-agentic-ai-paper/,https://arize.com/blog/nvidias-small-language-models-are-the-future-of-agentic-ai-paper/,3,
https://arize.com/blog/nvidias-small-language-models-are-the-future-of-agentic-ai-paper/,https://arize.com/blog/prompt-optimization-few-shot-prompting/,1,Prompt Optimization Techniques
https://arize.com/blog/ai-evals-maven-course-homework-the-recipe-bot-workflow/,https://arize.com/blog/ai-evals-maven-course-homework-the-recipe-bot-workflow/,3,
https://arize.com/blog/ai-evals-maven-course-homework-the-recipe-bot-workflow/,https://arize.com/blog/prompt-optimization-few-shot-prompting/,1,Prompt Optimization Techniques
https://arize.com/blog/claude-code-vs-cursor-a-power-users-playbook/,https://arize.com/blog/claude-code-vs-cursor-a-power-users-playbook/,3,
https://arize.com/blog/claude-code-vs-cursor-a-power-users-playbook/,https://arize.com/blog/claude-code-observability-and-tracing-introducing-dev-agent-lens/,1,Claude Code observability and tracing tool
https://arize.com/blog/claude-code-vs-cursor-a-power-users-playbook/,https://arize.com/blog/prompt-optimization-few-shot-prompting/,1,Prompt Optimization Techniques
https://arize.com/blog/claude-code-observability-and-tracing-introducing-dev-agent-lens/,https://arize.com/blog/claude-code-observability-and-tracing-introducing-dev-agent-lens/,3,
https://arize.com/blog/claude-code-observability-and-tracing-introducing-dev-agent-lens/,https://arize.com/blog/prompt-optimization-few-shot-prompting/,1,Prompt Optimization Techniques
https://arize.com/blog/annotation-for-strong-ai-evaluation-pipelines/,https://arize.com/blog/annotation-for-strong-ai-evaluation-pipelines/,3,
https://arize.com/blog/annotation-for-strong-ai-evaluation-pipelines/,https://arize.com/blog/prompt-optimization-few-shot-prompting/,1,Prompt Optimization Techniques
https://arize.com/blog/how-handshake-deployed-and-scaled-15-llm-use-cases-in-under-six-months-with-evals-from-day-one/,https://arize.com/blog/how-handshake-deployed-and-scaled-15-llm-use-cases-in-under-six-months-with-evals-from-day-one/,3,
https://arize.com/blog/how-handshake-deployed-and-scaled-15-llm-use-cases-in-under-six-months-with-evals-from-day-one/,https://arize.com/blog/prompt-optimization-few-shot-prompting/,1,Prompt Optimization Techniques
https://arize.com/blog/how-100x-ai-uses-phoenix-to-supercharge-ai-driven-troubleshooting/,https://arize.com/blog/how-100x-ai-uses-phoenix-to-supercharge-ai-driven-troubleshooting/,3,
https://arize.com/blog/how-100x-ai-uses-phoenix-to-supercharge-ai-driven-troubleshooting/,https://arize.com/blog/prompt-optimization-few-shot-prompting/,1,Prompt Optimization Techniques
https://arize.com/blog/how-geotab-and-arize-ai-revolutionized-fleet-management-with-generative-ai/,https://arize.com/blog/how-geotab-and-arize-ai-revolutionized-fleet-management-with-generative-ai/,3,
https://arize.com/blog/how-geotab-and-arize-ai-revolutionized-fleet-management-with-generative-ai/,https://arize.com/blog/prompt-optimization-few-shot-prompting/,1,Prompt Optimization Techniques
https://arize.com/blog/prompt-optimization-few-shot-prompting/,https://arize.com/blog/prompt-optimization-few-shot-prompting/,4,Prompt Optimization Techniques
https://arize.com/blog/a-watermark-for-large-language-models/,https://arize.com/blog/a-watermark-for-large-language-models/,3,
https://arize.com/blog/a-watermark-for-large-language-models/,https://arize.com/blog/prompt-optimization-few-shot-prompting/,1,Prompt Optimization Techniques
https://arize.com/blog/evidence-based-prompting-strategies-for-llm-as-a-judge-explanations-and-chain-of-thought/,https://arize.com/blog/evidence-based-prompting-strategies-for-llm-as-a-judge-explanations-and-chain-of-thought/,3,
https://arize.com/blog/evidence-based-prompting-strategies-for-llm-as-a-judge-explanations-and-chain-of-thought/,https://arize.com/blog/prompt-optimization-few-shot-prompting/,1,Prompt Optimization Techniques
https://arize.com/blog/build-more-accurate-ai-apps-through-fast-experimentation-with-arize-phoenix-langflow-and-nvidia/,https://arize.com/blog/build-more-accurate-ai-apps-through-fast-experimentation-with-arize-phoenix-langflow-and-nvidia/,5,Get the latest | Subscribe
https://arize.com/blog/build-more-accurate-ai-apps-through-fast-experimentation-with-arize-phoenix-langflow-and-nvidia/,https://arize.com/blog/building-a-multilingual-cypher-query-evaluation-pipeline/,2,Building a Multilingual Cypher Query Evaluation Pipeline
https://arize.com/blog/build-more-accurate-ai-apps-through-fast-experimentation-with-arize-phoenix-langflow-and-nvidia/,https://arize.com/blog/prompt-optimization-few-shot-prompting/,3,Prompt Optimization Techniques
https://arize.com/blog/build-more-accurate-ai-apps-through-fast-experimentation-with-arize-phoenix-langflow-and-nvidia/,https://arize.com/blog/?cat=phoenix,1,Phoenix
https://arize.com/blog/memory-and-state-in-llm-applications/,https://arize.com/blog/memory-and-state-in-llm-applications/,3,
https://arize.com/blog/memory-and-state-in-llm-applications/,https://arize.com/blog/prompt-optimization-few-shot-prompting/,1,Prompt Optimization Techniques
https://arize.com/blog/what-is-autogen/,https://arize.com/blog/what-is-autogen/,3,
https://arize.com/blog/what-is-autogen/,https://arize.com/blog/prompt-optimization-few-shot-prompting/,1,Prompt Optimization Techniques
https://arize.com/blog/langgraph/,https://arize.com/blog/langgraph/,3,
https://arize.com/blog/langgraph/,https://arize.com/blog/prompt-optimization-few-shot-prompting/,1,Prompt Optimization Techniques
https://arize.com/blog/?cat=phoenix,https://arize.com/blog/?cat=phoenix,3,
https://arize.com/blog/?cat=phoenix,https://arize.com/blog/orchestrator-worker-agents-a-practical-comparison-of-common-agent-frameworks/,1,
https://arize.com/blog/?cat=phoenix,https://arize.com/blog/building-a-multilingual-cypher-query-evaluation-pipeline/,1,
https://arize.com/blog/?cat=phoenix,https://arize.com/blog/verizons-stan-miasnikov-on-his-paper-category-theoretic-analysis-of-inter-agent-communication-and-mutual-understanding-metric-in-recursive-consciousness/,1,
https://arize.com/blog/?cat=phoenix,https://arize.com/blog/new-in-arize-ax-experiment-comparisons-better-data-visualization-and-a-dedicated-agent-graph-tab/,1,
https://arize.com/blog/?cat=phoenix,https://arize.com/blog/nvidias-small-language-models-are-the-future-of-agentic-ai-paper/,1,
https://arize.com/blog/?cat=phoenix,https://arize.com/blog/ai-evals-maven-course-homework-the-recipe-bot-workflow/,1,
https://arize.com/blog/?cat=phoenix,https://arize.com/blog/claude-code-vs-cursor-a-power-users-playbook/,1,
https://arize.com/blog/?cat=phoenix,https://arize.com/blog/claude-code-observability-and-tracing-introducing-dev-agent-lens/,1,
https://arize.com/blog/?cat=phoenix,https://arize.com/blog/annotation-for-strong-ai-evaluation-pipelines/,1,
https://arize.com/blog/?cat=phoenix,https://arize.com/blog/how-handshake-deployed-and-scaled-15-llm-use-cases-in-under-six-months-with-evals-from-day-one/,2,How Handshake Deployed and Scaled 15+ LLM Use Cases In Under Six Months â€” With Evals From Day One
https://arize.com/blog/?cat=phoenix,https://arize.com/blog/how-100x-ai-uses-phoenix-to-supercharge-ai-driven-troubleshooting/,1,How 100X AI Uses Phoenix to Supercharge AI-Driven Troubleshooting
https://arize.com/blog/?cat=phoenix,https://arize.com/blog/how-geotab-and-arize-ai-revolutionized-fleet-management-with-generative-ai/,1,How Geotab and Arize AI Revolutionized Fleet Management with Generative AI
https://arize.com/blog/?cat=phoenix,https://arize.com/blog/prompt-optimization-few-shot-prompting/,1,Prompt Optimization Techniques
